Waste Type,Count,Percentage
Textile Trash,27,41.53846153846154
Metal,13,20.0
Vegetation,13,20.0
Plastic,7,10.76923076923077
Miscellaneous Trash,4,6.153846153846154
Cardboard,1,1.5384615384615385
