Waste Type,Count,Percentage
Miscellaneous Trash,40,59.70149253731343
Vegetation,23,34.32835820895522
Paper,3,4.477611940298507
Cardboard,1,1.4925373134328357
