Waste Type,Count,Percentage
Miscellaneous Trash,14,25.454545454545453
Cardboard,11,20.0
Vegetation,11,20.0
Glass,5,9.090909090909092
Metal,4,7.2727272727272725
Textile Trash,4,7.2727272727272725
Paper,3,5.454545454545454
Plastic,2,3.6363636363636362
Food Organics,1,1.8181818181818181
