Waste Type,Count,Percentage
Textile Trash,22,40.74074074074074
Metal,9,16.666666666666664
Vegetation,8,14.814814814814813
Glass,5,9.25925925925926
Miscellaneous Trash,5,9.25925925925926
Plastic,4,7.4074074074074066
Cardboard,1,1.8518518518518516
