Waste Type,Count,Percentage
Metal,14,23.333333333333332
Miscellaneous Trash,14,23.333333333333332
Plastic,8,13.333333333333334
Paper,8,13.333333333333334
Textile Trash,6,10.0
Cardboard,4,6.666666666666667
Vegetation,3,5.0
Glass,3,5.0
