Waste Type,Count,Percentage
Vegetation,30,42.25352112676056
Textile Trash,27,38.028169014084504
Miscellaneous Trash,6,8.450704225352112
Plastic,3,4.225352112676056
Cardboard,2,2.8169014084507045
Metal,2,2.8169014084507045
Glass,1,1.4084507042253522
