Waste Type,Count,Percentage
Miscellaneous Trash,96,38.24701195219124
Vegetation,56,22.31075697211155
Metal,24,9.56175298804781
Paper,24,9.56175298804781
Cardboard,17,6.772908366533864
Textile Trash,15,5.9760956175298805
Plastic,10,3.9840637450199203
Glass,8,3.187250996015936
Food Organics,1,0.398406374501992
