Waste Type,Count,Percentage
Textile Trash,105,39.92395437262358
Vegetation,55,20.912547528517113
Metal,35,13.307984790874524
Plastic,30,11.406844106463879
Miscellaneous Trash,16,6.083650190114068
Glass,12,4.562737642585551
Cardboard,8,3.041825095057034
Paper,2,0.7604562737642585
